{
  "n_train": 42226,
  "recency_half_life_years": 6.0,
  "features": [
    "elo_diff",
    "elo_sum",
    "neutral",
    "form_ppg_diff",
    "form_gf_diff",
    "form_ga_diff",
    "rest_diff",
    "k_weight"
  ],
  "naive_baseline_log_loss_all": 1.0495629265881479,
  "ensemble_weights": {
    "logistic": 0.65,
    "gradient_boosting": 0.35
  },
  "deployed": "ensemble_logistic_gbm",
  "candidates_holdout": {
    "logistic": {
      "all_matches": {
        "accuracy": 0.6073636488528644,
        "log_loss": 0.8610528915150607,
        "n": 7279
      },
      "competitive": {
        "accuracy": 0.6171386539168812,
        "log_loss": 0.8467986664150693,
        "n": 5438
      }
    },
    "gradient_boosting": {
      "all_matches": {
        "accuracy": 0.605028163209232,
        "log_loss": 0.8642818041571648,
        "n": 7279
      },
      "competitive": {
        "accuracy": 0.6151158514159617,
        "log_loss": 0.8484630345465927,
        "n": 5438
      }
    },
    "logistic_platt": {
      "all_matches": {
        "accuracy": 0.6064019782937217,
        "log_loss": 0.8749789028438901,
        "n": 7279
      },
      "competitive": {
        "accuracy": 0.6167708716439868,
        "log_loss": 0.8626299010745857,
        "n": 5438
      }
    },
    "logistic_isotonic": {
      "all_matches": {
        "accuracy": 0.6065393598021707,
        "log_loss": 0.9255835482658333,
        "n": 7279
      },
      "competitive": {
        "accuracy": 0.6167708716439868,
        "log_loss": 0.9181824422857167,
        "n": 5438
      }
    },
    "ensemble_logistic_gbm": {
      "all_matches": {
        "accuracy": 0.6058524522599258,
        "log_loss": 0.8607894870748949,
        "n": 7279
      },
      "competitive": {
        "accuracy": 0.6164030893710923,
        "log_loss": 0.8461059280735709,
        "n": 5438
      }
    }
  }
}